codigo_dane,nombre,departamento,nombre_normalizado
5001,MEDELLÍN,ANTIOQUIA,MEDELLIN
5002,ABEJORRAL,ANTIOQUIA,ABEJORRAL
5004,ABRIAQUÍ,ANTIOQUIA,ABRIAQUI
5021,ALEJANDRÍA,ANTIOQUIA,ALEJANDRIA
5030,AMAGÁ,ANTIOQUIA,AMAGA
5031,AMALFI,ANTIOQUIA,AMALFI
5034,ANDES,ANTIOQUIA,ANDES
5036,ANGELÓPOLIS,ANTIOQUIA,ANGELOPOLIS
5038,ANGOSTURA,ANTIOQUIA,ANGOSTURA
5040,ANORÍ,ANTIOQUIA,ANORI
5042,SANTA FÉ DE ANTIOQUIA,ANTIOQUIA,SANTA FE DE ANTIOQUIA
5044,ANZÁ,ANTIOQUIA,ANZA
5045,APARTADÓ,ANTIOQUIA,APARTADO
5051,ARBOLETES,ANTIOQUIA,ARBOLETES
5055,ARGELIA,ANTIOQUIA,ARGELIA
5059,ARMENIA,ANTIOQUIA,ARMENIA
5079,BARBOSA,ANTIOQUIA,BARBOSA
5086,BELMIRA,ANTIOQUIA,BELMIRA
5088,BELLO,ANTIOQUIA,BELLO
5091,BETANIA,ANTIOQUIA,BETANIA
5093,BETULIA,ANTIOQUIA,BETULIA
5101,CIUDAD BOLÍVAR,ANTIOQUIA,CIUDAD BOLIVAR
5107,BRICEÑO,ANTIOQUIA,BRICENO
5113,BURITICÁ,ANTIOQUIA,BURITICA
5120,CÁCERES,ANTIOQUIA,CACERES
5125,CAICEDO,ANTIOQUIA,CAICEDO
5129,CALDAS,ANTIOQUIA,CALDAS
5134,CAMPAMENTO,ANTIOQUIA,CAMPAMENTO
5138,CAÑASGORDAS,ANTIOQUIA,CANASGORDAS
5142,CARACOLÍ,ANTIOQUIA,CARACOLI
5145,CARAMANTA,ANTIOQUIA,CARAMANTA
5147,CAREPA,ANTIOQUIA,CAREPA
5148,EL CARMEN DE VIBORAL,ANTIOQUIA,EL CARMEN DE VIBORAL
5150,CAROLINA,ANTIOQUIA,CAROLINA
5154,CAUCASIA,ANTIOQUIA,CAUCASIA
5172,CHIGORODÓ,ANTIOQUIA,CHIGORODO
5190,CISNEROS,ANTIOQUIA,CISNEROS
5197,COCORNÁ,ANTIOQUIA,COCORNA
5206,CONCEPCIÓN,ANTIOQUIA,CONCEPCION
5209,CONCORDIA,ANTIOQUIA,CONCORDIA
5212,COPACABANA,ANTIOQUIA,COPACABANA
5234,DABEIBA,ANTIOQUIA,DABEIBA
5237,DONMATÍAS,ANTIOQUIA,DONMATIAS
5240,EBÉJICO,ANTIOQUIA,EBEJICO
5250,EL BAGRE,ANTIOQUIA,EL BAGRE
5264,ENTRERRÍOS,ANTIOQUIA,ENTRERRIOS
5266,ENVIGADO,ANTIOQUIA,ENVIGADO
5282,FREDONIA,ANTIOQUIA,FREDONIA
5284,FRONTINO,ANTIOQUIA,FRONTINO
5306,GIRALDO,ANTIOQUIA,GIRALDO
5308,GIRARDOTA,ANTIOQUIA,GIRARDOTA
5310,GÓMEZ PLATA,ANTIOQUIA,GOMEZ PLATA
5313,GRANADA,ANTIOQUIA,GRANADA
5315,GUADALUPE,ANTIOQUIA,GUADALUPE
5318,GUARNE,ANTIOQUIA,GUARNE
5321,GUATAPÉ,ANTIOQUIA,GUATAPE
5347,HELICONIA,ANTIOQUIA,HELICONIA
5353,HISPANIA,ANTIOQUIA,HISPANIA
5360,ITAGÜÍ,ANTIOQUIA,ITAGUI
5361,ITUANGO,ANTIOQUIA,ITUANGO
5364,JARDÍN,ANTIOQUIA,JARDIN
5368,JERICÓ,ANTIOQUIA,JERICO
5376,LA CEJA,ANTIOQUIA,LA CEJA
5380,LA ESTRELLA,ANTIOQUIA,LA ESTRELLA
5390,LA PINTADA,ANTIOQUIA,LA PINTADA
5400,LA UNIÓN,ANTIOQUIA,LA UNION
5411,LIBORINA,ANTIOQUIA,LIBORINA
5425,MACEO,ANTIOQUIA,MACEO
5440,MARINILLA,ANTIOQUIA,MARINILLA
5467,MONTEBELLO,ANTIOQUIA,MONTEBELLO
5475,MURINDÓ,ANTIOQUIA,MURINDO
5480,MUTATÁ,ANTIOQUIA,MUTATA
5483,NARIÑO,ANTIOQUIA,NARINO
5490,NECOCLÍ,ANTIOQUIA,NECOCLI
5495,NECHÍ,ANTIOQUIA,NECHI
5501,OLAYA,ANTIOQUIA,OLAYA
5541,PEÑOL,ANTIOQUIA,PENOL
5543,PEQUE,ANTIOQUIA,PEQUE
5576,PUEBLORRICO,ANTIOQUIA,PUEBLORRICO
5579,PUERTO BERRÍO,ANTIOQUIA,PUERTO BERRIO
5585,PUERTO NARE,ANTIOQUIA,PUERTO NARE
5591,PUERTO TRIUNFO,ANTIOQUIA,PUERTO TRIUNFO
5604,REMEDIOS,ANTIOQUIA,REMEDIOS
5607,RETIRO,ANTIOQUIA,RETIRO
5615,RIONEGRO,ANTIOQUIA,RIONEGRO
5628,SABANALARGA,ANTIOQUIA,SABANALARGA
5631,SABANETA,ANTIOQUIA,SABANETA
5642,SALGAR,ANTIOQUIA,SALGAR
5647,SAN ANDRÉS DE CUERQUÍA,ANTIOQUIA,SAN ANDRES DE CUERQUIA
5649,SAN CARLOS,ANTIOQUIA,SAN CARLOS
5652,SAN FRANCISCO,ANTIOQUIA,SAN FRANCISCO
5656,SAN JERÓNIMO,ANTIOQUIA,SAN JERONIMO
5658,SAN JOSÉ DE LA MONTAÑA,ANTIOQUIA,SAN JOSE DE LA MONTANA
5659,SAN JUAN DE URABÁ,ANTIOQUIA,SAN JUAN DE URABA
5660,SAN LUIS,ANTIOQUIA,SAN LUIS
5664,SAN PEDRO DE LOS MILAGROS,ANTIOQUIA,SAN PEDRO DE LOS MILAGROS
5665,SAN PEDRO DE URABÁ,ANTIOQUIA,SAN PEDRO DE URABA
5667,SAN RAFAEL,ANTIOQUIA,SAN RAFAEL
5670,SAN ROQUE,ANTIOQUIA,SAN ROQUE
5674,SAN VICENTE FERRER,ANTIOQUIA,SAN VICENTE FERRER
5679,SANTA BÁRBARA,ANTIOQUIA,SANTA BARBARA
5686,SANTA ROSA DE OSOS,ANTIOQUIA,SANTA ROSA DE OSOS
5690,SANTO DOMINGO,ANTIOQUIA,SANTO DOMINGO
5697,EL SANTUARIO,ANTIOQUIA,EL SANTUARIO
5736,SEGOVIA,ANTIOQUIA,SEGOVIA
5756,SONSÓN,ANTIOQUIA,SONSON
5761,SOPETRÁN,ANTIOQUIA,SOPETRAN
5789,TÁMESIS,ANTIOQUIA,TAMESIS
5790,TARAZÁ,ANTIOQUIA,TARAZA
5792,TARSO,ANTIOQUIA,TARSO
5809,TITIRIBÍ,ANTIOQUIA,TITIRIBI
5819,TOLEDO,ANTIOQUIA,TOLEDO
5837,TURBO,ANTIOQUIA,TURBO
5842,URAMITA,ANTIOQUIA,URAMITA
5847,URRAO,ANTIOQUIA,URRAO
5854,VALDIVIA,ANTIOQUIA,VALDIVIA
5856,VALPARAÍSO,ANTIOQUIA,VALPARAISO
5858,VEGACHÍ,ANTIOQUIA,VEGACHI
5861,VENECIA,ANTIOQUIA,VENECIA
5873,VIGÍA DEL FUERTE,ANTIOQUIA,VIGIA DEL FUERTE
5885,YALÍ,ANTIOQUIA,YALI
5887,YARUMAL,ANTIOQUIA,YARUMAL
5890,YOLOMBÓ,ANTIOQUIA,YOLOMBO
5893,YONDÓ,ANTIOQUIA,YONDO
5895,ZARAGOZA,ANTIOQUIA,ZARAGOZA
8001,BARRANQUILLA,ATLÁNTICO,BARRANQUILLA
8078,BARANOA,ATLÁNTICO,BARANOA
8137,CAMPO DE LA CRUZ,ATLÁNTICO,CAMPO DE LA CRUZ
8141,CANDELARIA,ATLÁNTICO,CANDELARIA
8296,GALAPA,ATLÁNTICO,GALAPA
8372,JUAN DE ACOSTA,ATLÁNTICO,JUAN DE ACOSTA
8421,LURUACO,ATLÁNTICO,LURUACO
8433,MALAMBO,ATLÁNTICO,MALAMBO
8436,MANATÍ,ATLÁNTICO,MANATI
8520,PALMAR DE VARELA,ATLÁNTICO,PALMAR DE VARELA
8549,PIOJÓ,ATLÁNTICO,PIOJO
8558,POLONUEVO,ATLÁNTICO,POLONUEVO
8560,PONEDERA,ATLÁNTICO,PONEDERA
8573,PUERTO COLOMBIA,ATLÁNTICO,PUERTO COLOMBIA
8606,REPELÓN,ATLÁNTICO,REPELON
8634,SABANAGRANDE,ATLÁNTICO,SABANAGRANDE
8638,SABANALARGA,ATLÁNTICO,SABANALARGA
8675,SANTA LUCÍA,ATLÁNTICO,SANTA LUCIA
8685,SANTO TOMÁS,ATLÁNTICO,SANTO TOMAS
8758,SOLEDAD,ATLÁNTICO,SOLEDAD
8770,SUAN,ATLÁNTICO,SUAN
8832,TUBARÁ,ATLÁNTICO,TUBARA
8849,USIACURÍ,ATLÁNTICO,USIACURI
11001,"BOGOTÁ, D.C.","BOGOTÁ, D.C.","BOGOTA, D.C."
13001,CARTAGENA DE INDIAS,BOLÍVAR,CARTAGENA DE INDIAS
13006,ACHÍ,BOLÍVAR,ACHI
13030,ALTOS DEL ROSARIO,BOLÍVAR,ALTOS DEL ROSARIO
13042,ARENAL,BOLÍVAR,ARENAL
13052,ARJONA,BOLÍVAR,ARJONA
13062,ARROYOHONDO,BOLÍVAR,ARROYOHONDO
13074,BARRANCO DE LOBA,BOLÍVAR,BARRANCO DE LOBA
13140,CALAMAR,BOLÍVAR,CALAMAR
13160,CANTAGALLO,BOLÍVAR,CANTAGALLO
13188,CICUCO,BOLÍVAR,CICUCO
13212,CÓRDOBA,BOLÍVAR,CORDOBA
13222,CLEMENCIA,BOLÍVAR,CLEMENCIA
13244,EL CARMEN DE BOLÍVAR,BOLÍVAR,EL CARMEN DE BOLIVAR
13248,EL GUAMO,BOLÍVAR,EL GUAMO
13268,EL PEÑÓN,BOLÍVAR,EL PENON
13300,HATILLO DE LOBA,BOLÍVAR,HATILLO DE LOBA
13430,MAGANGUÉ,BOLÍVAR,MAGANGUE
13433,MAHATES,BOLÍVAR,MAHATES
13440,MARGARITA,BOLÍVAR,MARGARITA
13442,MARÍA LA BAJA,BOLÍVAR,MARIA LA BAJA
13458,MONTECRISTO,BOLÍVAR,MONTECRISTO
13468,SANTA CRUZ DE MOMPOX,BOLÍVAR,SANTA CRUZ DE MOMPOX
13473,MORALES,BOLÍVAR,MORALES
13490,NOROSÍ,BOLÍVAR,NOROSI
13549,PINILLOS,BOLÍVAR,PINILLOS
13580,REGIDOR,BOLÍVAR,REGIDOR
13600,RÍO VIEJO,BOLÍVAR,RIO VIEJO
13620,SAN CRISTÓBAL,BOLÍVAR,SAN CRISTOBAL
13647,SAN ESTANISLAO,BOLÍVAR,SAN ESTANISLAO
13650,SAN FERNANDO,BOLÍVAR,SAN FERNANDO
13654,SAN JACINTO,BOLÍVAR,SAN JACINTO
13655,SAN JACINTO DEL CAUCA,BOLÍVAR,SAN JACINTO DEL CAUCA
13657,SAN JUAN NEPOMUCENO,BOLÍVAR,SAN JUAN NEPOMUCENO
13667,SAN MARTÍN DE LOBA,BOLÍVAR,SAN MARTIN DE LOBA
13670,SAN PABLO,BOLÍVAR,SAN PABLO
13673,SANTA CATALINA,BOLÍVAR,SANTA CATALINA
13683,SANTA ROSA,BOLÍVAR,SANTA ROSA
13688,SANTA ROSA DEL SUR,BOLÍVAR,SANTA ROSA DEL SUR
13744,SIMITÍ,BOLÍVAR,SIMITI
13760,SOPLAVIENTO,BOLÍVAR,SOPLAVIENTO
13780,TALAIGUA NUEVO,BOLÍVAR,TALAIGUA NUEVO
13810,TIQUISIO,BOLÍVAR,TIQUISIO
13836,TURBACO,BOLÍVAR,TURBACO
13838,TURBANA,BOLÍVAR,TURBANA
13873,VILLANUEVA,BOLÍVAR,VILLANUEVA
13894,ZAMBRANO,BOLÍVAR,ZAMBRANO
15001,TUNJA,BOYACÁ,TUNJA
15022,ALMEIDA,BOYACÁ,ALMEIDA
15047,AQUITANIA,BOYACÁ,AQUITANIA
15051,ARCABUCO,BOYACÁ,ARCABUCO
15087,BELÉN,BOYACÁ,BELEN
15090,BERBEO,BOYACÁ,BERBEO
15092,BETÉITIVA,BOYACÁ,BETEITIVA
15097,BOAVITA,BOYACÁ,BOAVITA
15104,BOYACÁ,BOYACÁ,BOYACA
15106,BRICEÑO,BOYACÁ,BRICENO
15109,BUENAVISTA,BOYACÁ,BUENAVISTA
15114,BUSBANZÁ,BOYACÁ,BUSBANZA
15131,CALDAS,BOYACÁ,CALDAS
15135,CAMPOHERMOSO,BOYACÁ,CAMPOHERMOSO
15162,CERINZA,BOYACÁ,CERINZA
15172,CHINAVITA,BOYACÁ,CHINAVITA
15176,CHIQUINQUIRÁ,BOYACÁ,CHIQUINQUIRA
15180,CHISCAS,BOYACÁ,CHISCAS
15183,CHITA,BOYACÁ,CHITA
15185,CHITARAQUE,BOYACÁ,CHITARAQUE
15187,CHIVATÁ,BOYACÁ,CHIVATA
15189,CIÉNEGA,BOYACÁ,CIENEGA
15204,CÓMBITA,BOYACÁ,COMBITA
15212,COPER,BOYACÁ,COPER
15215,CORRALES,BOYACÁ,CORRALES
15218,COVARACHÍA,BOYACÁ,COVARACHIA
15223,CUBARÁ,BOYACÁ,CUBARA
15224,CUCAITA,BOYACÁ,CUCAITA
15226,CUÍTIVA,BOYACÁ,CUITIVA
15232,CHÍQUIZA,BOYACÁ,CHIQUIZA
15236,CHIVOR,BOYACÁ,CHIVOR
15238,DUITAMA,BOYACÁ,DUITAMA
15244,EL COCUY,BOYACÁ,EL COCUY
15248,EL ESPINO,BOYACÁ,EL ESPINO
15272,FIRAVITOBA,BOYACÁ,FIRAVITOBA
15276,FLORESTA,BOYACÁ,FLORESTA
15293,GACHANTIVÁ,BOYACÁ,GACHANTIVA
15296,GÁMEZA,BOYACÁ,GAMEZA
15299,GARAGOA,BOYACÁ,GARAGOA
15317,GUACAMAYAS,BOYACÁ,GUACAMAYAS
15322,GUATEQUE,BOYACÁ,GUATEQUE
15325,GUAYATÁ,BOYACÁ,GUAYATA
15332,GÜICÁN DE LA SIERRA,BOYACÁ,GUICAN DE LA SIERRA
15362,IZA,BOYACÁ,IZA
15367,JENESANO,BOYACÁ,JENESANO
15368,JERICÓ,BOYACÁ,JERICO
15377,LABRANZAGRANDE,BOYACÁ,LABRANZAGRANDE
15380,LA CAPILLA,BOYACÁ,LA CAPILLA
15401,LA VICTORIA,BOYACÁ,LA VICTORIA
15403,LA UVITA,BOYACÁ,LA UVITA
15407,VILLA DE LEYVA,BOYACÁ,VILLA DE LEYVA
15425,MACANAL,BOYACÁ,MACANAL
15442,MARIPÍ,BOYACÁ,MARIPI
15455,MIRAFLORES,BOYACÁ,MIRAFLORES
15464,MONGUA,BOYACÁ,MONGUA
15466,MONGUÍ,BOYACÁ,MONGUI
15469,MONIQUIRÁ,BOYACÁ,MONIQUIRA
15476,MOTAVITA,BOYACÁ,MOTAVITA
15480,MUZO,BOYACÁ,MUZO
15491,NOBSA,BOYACÁ,NOBSA
15494,NUEVO COLÓN,BOYACÁ,NUEVO COLON
15500,OICATÁ,BOYACÁ,OICATA
15507,OTANCHE,BOYACÁ,OTANCHE
15511,PACHAVITA,BOYACÁ,PACHAVITA
15514,PÁEZ,BOYACÁ,PAEZ
15516,PAIPA,BOYACÁ,PAIPA
15518,PAJARITO,BOYACÁ,PAJARITO
15522,PANQUEBA,BOYACÁ,PANQUEBA
15531,PAUNA,BOYACÁ,PAUNA
15533,PAYA,BOYACÁ,PAYA
15537,PAZ DE RÍO,BOYACÁ,PAZ DE RIO
15542,PESCA,BOYACÁ,PESCA
15550,PISBA,BOYACÁ,PISBA
15572,PUERTO BOYACÁ,BOYACÁ,PUERTO BOYACA
15580,QUÍPAMA,BOYACÁ,QUIPAMA
15599,RAMIRIQUÍ,BOYACÁ,RAMIRIQUI
15600,RÁQUIRA,BOYACÁ,RAQUIRA
15621,RONDÓN,BOYACÁ,RONDON
15632,SABOYÁ,BOYACÁ,SABOYA
15638,SÁCHICA,BOYACÁ,SACHICA
15646,SAMACÁ,BOYACÁ,SAMACA
15660,SAN EDUARDO,BOYACÁ,SAN EDUARDO
15664,SAN JOSÉ DE PARE,BOYACÁ,SAN JOSE DE PARE
15667,SAN LUIS DE GACENO,BOYACÁ,SAN LUIS DE GACENO
15673,SAN MATEO,BOYACÁ,SAN MATEO
15676,SAN MIGUEL DE SEMA,BOYACÁ,SAN MIGUEL DE SEMA
15681,SAN PABLO DE BORBUR,BOYACÁ,SAN PABLO DE BORBUR
15686,SANTANA,BOYACÁ,SANTANA
15690,SANTA MARÍA,BOYACÁ,SANTA MARIA
15693,SANTA ROSA DE VITERBO,BOYACÁ,SANTA ROSA DE VITERBO
15696,SANTA SOFÍA,BOYACÁ,SANTA SOFIA
15720,SATIVANORTE,BOYACÁ,SATIVANORTE
15723,SATIVASUR,BOYACÁ,SATIVASUR
15740,SIACHOQUE,BOYACÁ,SIACHOQUE
15753,SOATÁ,BOYACÁ,SOATA
15755,SOCOTÁ,BOYACÁ,SOCOTA
15757,SOCHA,BOYACÁ,SOCHA
15759,SOGAMOSO,BOYACÁ,SOGAMOSO
15761,SOMONDOCO,BOYACÁ,SOMONDOCO
15762,SORA,BOYACÁ,SORA
15763,SOTAQUIRÁ,BOYACÁ,SOTAQUIRA
15764,SORACÁ,BOYACÁ,SORACA
15774,SUSACÓN,BOYACÁ,SUSACON
15776,SUTAMARCHÁN,BOYACÁ,SUTAMARCHAN
15778,SUTATENZA,BOYACÁ,SUTATENZA
15790,TASCO,BOYACÁ,TASCO
15798,TENZA,BOYACÁ,TENZA
15804,TIBANÁ,BOYACÁ,TIBANA
15806,TIBASOSA,BOYACÁ,TIBASOSA
15808,TINJACÁ,BOYACÁ,TINJACA
15810,TIPACOQUE,BOYACÁ,TIPACOQUE
15814,TOCA,BOYACÁ,TOCA
15816,TOGÜÍ,BOYACÁ,TOGUI
15820,TÓPAGA,BOYACÁ,TOPAGA
15822,TOTA,BOYACÁ,TOTA
15832,TUNUNGUÁ,BOYACÁ,TUNUNGUA
15835,TURMEQUÉ,BOYACÁ,TURMEQUE
15837,TUTA,BOYACÁ,TUTA
15839,TUTAZÁ,BOYACÁ,TUTAZA
15842,ÚMBITA,BOYACÁ,UMBITA
15861,VENTAQUEMADA,BOYACÁ,VENTAQUEMADA
15879,VIRACACHÁ,BOYACÁ,VIRACACHA
15897,ZETAQUIRA,BOYACÁ,ZETAQUIRA
17001,MANIZALES,CALDAS,MANIZALES
17013,AGUADAS,CALDAS,AGUADAS
17042,ANSERMA,CALDAS,ANSERMA
17050,ARANZAZU,CALDAS,ARANZAZU
17088,BELALCÁZAR,CALDAS,BELALCAZAR
17174,CHINCHINÁ,CALDAS,CHINCHINA
17272,FILADELFIA,CALDAS,FILADELFIA
17380,LA DORADA,CALDAS,LA DORADA
17388,LA MERCED,CALDAS,LA MERCED
17433,MANZANARES,CALDAS,MANZANARES
17442,MARMATO,CALDAS,MARMATO
17444,MARQUETALIA,CALDAS,MARQUETALIA
17446,MARULANDA,CALDAS,MARULANDA
17486,NEIRA,CALDAS,NEIRA
17495,NORCASIA,CALDAS,NORCASIA
17513,PÁCORA,CALDAS,PACORA
17524,PALESTINA,CALDAS,PALESTINA
17541,PENSILVANIA,CALDAS,PENSILVANIA
17614,RIOSUCIO,CALDAS,RIOSUCIO
17616,RISARALDA,CALDAS,RISARALDA
17653,SALAMINA,CALDAS,SALAMINA
17662,SAMANÁ,CALDAS,SAMANA
17665,SAN JOSÉ,CALDAS,SAN JOSE
17777,SUPÍA,CALDAS,SUPIA
17867,VICTORIA,CALDAS,VICTORIA
17873,VILLAMARÍA,CALDAS,VILLAMARIA
17877,VITERBO,CALDAS,VITERBO
18001,FLORENCIA,CAQUETÁ,FLORENCIA
18029,ALBANIA,CAQUETÁ,ALBANIA
18094,BELÉN DE LOS ANDAQUÍES,CAQUETÁ,BELEN DE LOS ANDAQUIES
18150,CARTAGENA DEL CHAIRÁ,CAQUETÁ,CARTAGENA DEL CHAIRA
18205,CURILLO,CAQUETÁ,CURILLO
18247,EL DONCELLO,CAQUETÁ,EL DONCELLO
18256,EL PAUJÍL,CAQUETÁ,EL PAUJIL
18410,LA MONTAÑITA,CAQUETÁ,LA MONTANITA
18460,MILÁN,CAQUETÁ,MILAN
18479,MORELIA,CAQUETÁ,MORELIA
18592,PUERTO RICO,CAQUETÁ,PUERTO RICO
18610,SAN JOSÉ DEL FRAGUA,CAQUETÁ,SAN JOSE DEL FRAGUA
18753,SAN VICENTE DEL CAGUÁN,CAQUETÁ,SAN VICENTE DEL CAGUAN
18756,SOLANO,CAQUETÁ,SOLANO
18785,SOLITA,CAQUETÁ,SOLITA
18860,VALPARAÍSO,CAQUETÁ,VALPARAISO
19001,POPAYÁN,CAUCA,POPAYAN
19022,ALMAGUER,CAUCA,ALMAGUER
19050,ARGELIA,CAUCA,ARGELIA
19075,BALBOA,CAUCA,BALBOA
19100,BOLÍVAR,CAUCA,BOLIVAR
19110,BUENOS AIRES,CAUCA,BUENOS AIRES
19130,CAJIBÍO,CAUCA,CAJIBIO
19137,CALDONO,CAUCA,CALDONO
19142,CALOTO,CAUCA,CALOTO
19212,CORINTO,CAUCA,CORINTO
19256,EL TAMBO,CAUCA,EL TAMBO
19290,FLORENCIA,CAUCA,FLORENCIA
19300,GUACHENÉ,CAUCA,GUACHENE
19318,GUAPI,CAUCA,GUAPI
19355,INZÁ,CAUCA,INZA
19364,JAMBALÓ,CAUCA,JAMBALO
19392,LA SIERRA,CAUCA,LA SIERRA
19397,LA VEGA,CAUCA,LA VEGA
19418,LÓPEZ DE MICAY,CAUCA,LOPEZ DE MICAY
19450,MERCADERES,CAUCA,MERCADERES
19455,MIRANDA,CAUCA,MIRANDA
19473,MORALES,CAUCA,MORALES
19513,PADILLA,CAUCA,PADILLA
19517,PÁEZ,CAUCA,PAEZ
19532,PATÍA,CAUCA,PATIA
19533,PIAMONTE,CAUCA,PIAMONTE
19548,PIENDAMÓ - TUNÍA,CAUCA,PIENDAMO - TUNIA
19573,PUERTO TEJADA,CAUCA,PUERTO TEJADA
19585,PURACÉ,CAUCA,PURACE
19622,ROSAS,CAUCA,ROSAS
19693,SAN SEBASTIÁN,CAUCA,SAN SEBASTIAN
19698,SANTANDER DE QUILICHAO,CAUCA,SANTANDER DE QUILICHAO
19701,SANTA ROSA,CAUCA,SANTA ROSA
19743,SILVIA,CAUCA,SILVIA
19760,SOTARÁ PAISPAMBA,CAUCA,SOTARA PAISPAMBA
19780,SUÁREZ,CAUCA,SUAREZ
19785,SUCRE,CAUCA,SUCRE
19807,TIMBÍO,CAUCA,TIMBIO
19809,TIMBIQUÍ,CAUCA,TIMBIQUI
19821,TORIBÍO,CAUCA,TORIBIO
19824,TOTORÓ,CAUCA,TOTORO
19845,VILLA RICA,CAUCA,VILLA RICA
20001,VALLEDUPAR,CESAR,VALLEDUPAR
20011,AGUACHICA,CESAR,AGUACHICA
20013,AGUSTÍN CODAZZI,CESAR,AGUSTIN CODAZZI
20032,ASTREA,CESAR,ASTREA
20045,BECERRIL,CESAR,BECERRIL
20060,BOSCONIA,CESAR,BOSCONIA
20175,CHIMICHAGUA,CESAR,CHIMICHAGUA
20178,CHIRIGUANÁ,CESAR,CHIRIGUANA
20228,CURUMANÍ,CESAR,CURUMANI
20238,EL COPEY,CESAR,EL COPEY
20250,EL PASO,CESAR,EL PASO
20295,GAMARRA,CESAR,GAMARRA
20310,GONZÁLEZ,CESAR,GONZALEZ
20383,LA GLORIA,CESAR,LA GLORIA
20400,LA JAGUA DE IBIRICO,CESAR,LA JAGUA DE IBIRICO
20443,MANAURE BALCÓN DEL CESAR,CESAR,MANAURE BALCON DEL CESAR
20517,PAILITAS,CESAR,PAILITAS
20550,PELAYA,CESAR,PELAYA
20570,PUEBLO BELLO,CESAR,PUEBLO BELLO
20614,RÍO DE ORO,CESAR,RIO DE ORO
20621,LA PAZ,CESAR,LA PAZ
20710,SAN ALBERTO,CESAR,SAN ALBERTO
20750,SAN DIEGO,CESAR,SAN DIEGO
20770,SAN MARTÍN,CESAR,SAN MARTIN
20787,TAMALAMEQUE,CESAR,TAMALAMEQUE
23001,MONTERÍA,CÓRDOBA,MONTERIA
23068,AYAPEL,CÓRDOBA,AYAPEL
23079,BUENAVISTA,CÓRDOBA,BUENAVISTA
23090,CANALETE,CÓRDOBA,CANALETE
23162,CERETÉ,CÓRDOBA,CERETE
23168,CHIMÁ,CÓRDOBA,CHIMA
23182,CHINÚ,CÓRDOBA,CHINU
23189,CIÉNAGA DE ORO,CÓRDOBA,CIENAGA DE ORO
23300,COTORRA,CÓRDOBA,COTORRA
23350,LA APARTADA,CÓRDOBA,LA APARTADA
23417,LORICA,CÓRDOBA,LORICA
23419,LOS CÓRDOBAS,CÓRDOBA,LOS CORDOBAS
23464,MOMIL,CÓRDOBA,MOMIL
23466,MONTELÍBANO,CÓRDOBA,MONTELIBANO
23500,MOÑITOS,CÓRDOBA,MONITOS
23555,PLANETA RICA,CÓRDOBA,PLANETA RICA
23570,PUEBLO NUEVO,CÓRDOBA,PUEBLO NUEVO
23574,PUERTO ESCONDIDO,CÓRDOBA,PUERTO ESCONDIDO
23580,PUERTO LIBERTADOR,CÓRDOBA,PUERTO LIBERTADOR
23586,PURÍSIMA DE LA CONCEPCIÓN,CÓRDOBA,PURISIMA DE LA CONCEPCION
23660,SAHAGÚN,CÓRDOBA,SAHAGUN
23670,SAN ANDRÉS DE SOTAVENTO,CÓRDOBA,SAN ANDRES DE SOTAVENTO
23672,SAN ANTERO,CÓRDOBA,SAN ANTERO
23675,SAN BERNARDO DEL VIENTO,CÓRDOBA,SAN BERNARDO DEL VIENTO
23678,SAN CARLOS,CÓRDOBA,SAN CARLOS
23682,SAN JOSÉ DE URÉ,CÓRDOBA,SAN JOSE DE URE
23686,SAN PELAYO,CÓRDOBA,SAN PELAYO
23807,TIERRALTA,CÓRDOBA,TIERRALTA
23815,TUCHÍN,CÓRDOBA,TUCHIN
23855,VALENCIA,CÓRDOBA,VALENCIA
25001,AGUA DE DIOS,CUNDINAMARCA,AGUA DE DIOS
25019,ALBÁN,CUNDINAMARCA,ALBAN
25035,ANAPOIMA,CUNDINAMARCA,ANAPOIMA
25040,ANOLAIMA,CUNDINAMARCA,ANOLAIMA
25053,ARBELÁEZ,CUNDINAMARCA,ARBELAEZ
25086,BELTRÁN,CUNDINAMARCA,BELTRAN
25095,BITUIMA,CUNDINAMARCA,BITUIMA
25099,BOJACÁ,CUNDINAMARCA,BOJACA
25120,CABRERA,CUNDINAMARCA,CABRERA
25123,CACHIPAY,CUNDINAMARCA,CACHIPAY
25126,CAJICÁ,CUNDINAMARCA,CAJICA
25148,CAPARRAPÍ,CUNDINAMARCA,CAPARRAPI
25151,CÁQUEZA,CUNDINAMARCA,CAQUEZA
25154,CARMEN DE CARUPA,CUNDINAMARCA,CARMEN DE CARUPA
25168,CHAGUANÍ,CUNDINAMARCA,CHAGUANI
25175,CHÍA,CUNDINAMARCA,CHIA
25178,CHIPAQUE,CUNDINAMARCA,CHIPAQUE
25181,CHOACHÍ,CUNDINAMARCA,CHOACHI
25183,CHOCONTÁ,CUNDINAMARCA,CHOCONTA
25200,COGUA,CUNDINAMARCA,COGUA
25214,COTA,CUNDINAMARCA,COTA
25224,CUCUNUBÁ,CUNDINAMARCA,CUCUNUBA
25245,EL COLEGIO,CUNDINAMARCA,EL COLEGIO
25258,EL PEÑÓN,CUNDINAMARCA,EL PENON
25260,EL ROSAL,CUNDINAMARCA,EL ROSAL
25269,FACATATIVÁ,CUNDINAMARCA,FACATATIVA
25279,FÓMEQUE,CUNDINAMARCA,FOMEQUE
25281,FOSCA,CUNDINAMARCA,FOSCA
25286,FUNZA,CUNDINAMARCA,FUNZA
25288,FÚQUENE,CUNDINAMARCA,FUQUENE
25290,FUSAGASUGÁ,CUNDINAMARCA,FUSAGASUGA
25293,GACHALÁ,CUNDINAMARCA,GACHALA
25295,GACHANCIPÁ,CUNDINAMARCA,GACHANCIPA
25297,GACHETÁ,CUNDINAMARCA,GACHETA
25299,GAMA,CUNDINAMARCA,GAMA
25307,GIRARDOT,CUNDINAMARCA,GIRARDOT
25312,GRANADA,CUNDINAMARCA,GRANADA
25317,GUACHETÁ,CUNDINAMARCA,GUACHETA
25320,GUADUAS,CUNDINAMARCA,GUADUAS
25322,GUASCA,CUNDINAMARCA,GUASCA
25324,GUATAQUÍ,CUNDINAMARCA,GUATAQUI
25326,GUATAVITA,CUNDINAMARCA,GUATAVITA
25328,GUAYABAL DE SÍQUIMA,CUNDINAMARCA,GUAYABAL DE SIQUIMA
25335,GUAYABETAL,CUNDINAMARCA,GUAYABETAL
25339,GUTIÉRREZ,CUNDINAMARCA,GUTIERREZ
25368,JERUSALÉN,CUNDINAMARCA,JERUSALEN
25372,JUNÍN,CUNDINAMARCA,JUNIN
25377,LA CALERA,CUNDINAMARCA,LA CALERA
25386,LA MESA,CUNDINAMARCA,LA MESA
25394,LA PALMA,CUNDINAMARCA,LA PALMA
25398,LA PEÑA,CUNDINAMARCA,LA PENA
25402,LA VEGA,CUNDINAMARCA,LA VEGA
25407,LENGUAZAQUE,CUNDINAMARCA,LENGUAZAQUE
25426,MACHETÁ,CUNDINAMARCA,MACHETA
25430,MADRID,CUNDINAMARCA,MADRID
25436,MANTA,CUNDINAMARCA,MANTA
25438,MEDINA,CUNDINAMARCA,MEDINA
25473,MOSQUERA,CUNDINAMARCA,MOSQUERA
25483,NARIÑO,CUNDINAMARCA,NARINO
25486,NEMOCÓN,CUNDINAMARCA,NEMOCON
25488,NILO,CUNDINAMARCA,NILO
25489,NIMAIMA,CUNDINAMARCA,NIMAIMA
25491,NOCAIMA,CUNDINAMARCA,NOCAIMA
25506,VENECIA,CUNDINAMARCA,VENECIA
25513,PACHO,CUNDINAMARCA,PACHO
25518,PAIME,CUNDINAMARCA,PAIME
25524,PANDI,CUNDINAMARCA,PANDI
25530,PARATEBUENO,CUNDINAMARCA,PARATEBUENO
25535,PASCA,CUNDINAMARCA,PASCA
25572,PUERTO SALGAR,CUNDINAMARCA,PUERTO SALGAR
25580,PULÍ,CUNDINAMARCA,PULI
25592,QUEBRADANEGRA,CUNDINAMARCA,QUEBRADANEGRA
25594,QUETAME,CUNDINAMARCA,QUETAME
25596,QUIPILE,CUNDINAMARCA,QUIPILE
25599,APULO,CUNDINAMARCA,APULO
25612,RICAURTE,CUNDINAMARCA,RICAURTE
25645,SAN ANTONIO DEL TEQUENDAMA,CUNDINAMARCA,SAN ANTONIO DEL TEQUENDAMA
25649,SAN BERNARDO,CUNDINAMARCA,SAN BERNARDO
25653,SAN CAYETANO,CUNDINAMARCA,SAN CAYETANO
25658,SAN FRANCISCO,CUNDINAMARCA,SAN FRANCISCO
25662,SAN JUAN DE RIOSECO,CUNDINAMARCA,SAN JUAN DE RIOSECO
25718,SASAIMA,CUNDINAMARCA,SASAIMA
25736,SESQUILÉ,CUNDINAMARCA,SESQUILE
25740,SIBATÉ,CUNDINAMARCA,SIBATE
25743,SILVANIA,CUNDINAMARCA,SILVANIA
25745,SIMIJACA,CUNDINAMARCA,SIMIJACA
25754,SOACHA,CUNDINAMARCA,SOACHA
25758,SOPÓ,CUNDINAMARCA,SOPO
25769,SUBACHOQUE,CUNDINAMARCA,SUBACHOQUE
25772,SUESCA,CUNDINAMARCA,SUESCA
25777,SUPATÁ,CUNDINAMARCA,SUPATA
25779,SUSA,CUNDINAMARCA,SUSA
25781,SUTATAUSA,CUNDINAMARCA,SUTATAUSA
25785,TABIO,CUNDINAMARCA,TABIO
25793,TAUSA,CUNDINAMARCA,TAUSA
25797,TENA,CUNDINAMARCA,TENA
25799,TENJO,CUNDINAMARCA,TENJO
25805,TIBACUY,CUNDINAMARCA,TIBACUY
25807,TIBIRITA,CUNDINAMARCA,TIBIRITA
25815,TOCAIMA,CUNDINAMARCA,TOCAIMA
25817,TOCANCIPÁ,CUNDINAMARCA,TOCANCIPA
25823,TOPAIPÍ,CUNDINAMARCA,TOPAIPI
25839,UBALÁ,CUNDINAMARCA,UBALA
25841,UBAQUE,CUNDINAMARCA,UBAQUE
25843,VILLA DE SAN DIEGO DE UBATÉ,CUNDINAMARCA,VILLA DE SAN DIEGO DE UBATE
25845,UNE,CUNDINAMARCA,UNE
25851,ÚTICA,CUNDINAMARCA,UTICA
25862,VERGARA,CUNDINAMARCA,VERGARA
25867,VIANÍ,CUNDINAMARCA,VIANI
25871,VILLAGÓMEZ,CUNDINAMARCA,VILLAGOMEZ
25873,VILLAPINZÓN,CUNDINAMARCA,VILLAPINZON
25875,VILLETA,CUNDINAMARCA,VILLETA
25878,VIOTÁ,CUNDINAMARCA,VIOTA
25885,YACOPÍ,CUNDINAMARCA,YACOPI
25898,ZIPACÓN,CUNDINAMARCA,ZIPACON
25899,ZIPAQUIRÁ,CUNDINAMARCA,ZIPAQUIRA
27001,QUIBDÓ,CHOCÓ,QUIBDO
27006,ACANDÍ,CHOCÓ,ACANDI
27025,ALTO BAUDÓ,CHOCÓ,ALTO BAUDO
27050,ATRATO,CHOCÓ,ATRATO
27073,BAGADÓ,CHOCÓ,BAGADO
27075,BAHÍA SOLANO,CHOCÓ,BAHIA SOLANO
27077,BAJO BAUDÓ,CHOCÓ,BAJO BAUDO
27099,BOJAYÁ,CHOCÓ,BOJAYA
27135,EL CANTÓN DEL SAN PABLO,CHOCÓ,EL CANTON DEL SAN PABLO
27150,CARMEN DEL DARIÉN,CHOCÓ,CARMEN DEL DARIEN
27160,CÉRTEGUI,CHOCÓ,CERTEGUI
27205,CONDOTO,CHOCÓ,CONDOTO
27245,EL CARMEN DE ATRATO,CHOCÓ,EL CARMEN DE ATRATO
27250,EL LITORAL DEL SAN JUAN,CHOCÓ,EL LITORAL DEL SAN JUAN
27361,ISTMINA,CHOCÓ,ISTMINA
27372,JURADÓ,CHOCÓ,JURADO
27413,LLORÓ,CHOCÓ,LLORO
27425,MEDIO ATRATO,CHOCÓ,MEDIO ATRATO
27430,MEDIO BAUDÓ,CHOCÓ,MEDIO BAUDO
27450,MEDIO SAN JUAN,CHOCÓ,MEDIO SAN JUAN
27491,NÓVITA,CHOCÓ,NOVITA
27493,NUEVO BELÉN DE BAJIRÁ,CHOCÓ,NUEVO BELEN DE BAJIRA
27495,NUQUÍ,CHOCÓ,NUQUI
27580,RÍO IRÓ,CHOCÓ,RIO IRO
27600,RÍO QUITO,CHOCÓ,RIO QUITO
27615,RIOSUCIO,CHOCÓ,RIOSUCIO
27660,SAN JOSÉ DEL PALMAR,CHOCÓ,SAN JOSE DEL PALMAR
27745,SIPÍ,CHOCÓ,SIPI
27787,TADÓ,CHOCÓ,TADO
27800,UNGUÍA,CHOCÓ,UNGUIA
27810,UNIÓN PANAMERICANA,CHOCÓ,UNION PANAMERICANA
41001,NEIVA,HUILA,NEIVA
41006,ACEVEDO,HUILA,ACEVEDO
41013,AGRADO,HUILA,AGRADO
41016,AIPE,HUILA,AIPE
41020,ALGECIRAS,HUILA,ALGECIRAS
41026,ALTAMIRA,HUILA,ALTAMIRA
41078,BARAYA,HUILA,BARAYA
41132,CAMPOALEGRE,HUILA,CAMPOALEGRE
41206,COLOMBIA,HUILA,COLOMBIA
41244,ELÍAS,HUILA,ELIAS
41298,GARZÓN,HUILA,GARZON
41306,GIGANTE,HUILA,GIGANTE
41319,GUADALUPE,HUILA,GUADALUPE
41349,HOBO,HUILA,HOBO
41357,ÍQUIRA,HUILA,IQUIRA
41359,ISNOS,HUILA,ISNOS
41378,LA ARGENTINA,HUILA,LA ARGENTINA
41396,LA PLATA,HUILA,LA PLATA
41483,NÁTAGA,HUILA,NATAGA
41503,OPORAPA,HUILA,OPORAPA
41518,PAICOL,HUILA,PAICOL
41524,PALERMO,HUILA,PALERMO
41530,PALESTINA,HUILA,PALESTINA
41548,PITAL,HUILA,PITAL
41551,PITALITO,HUILA,PITALITO
41615,RIVERA,HUILA,RIVERA
41660,SALADOBLANCO,HUILA,SALADOBLANCO
41668,SAN AGUSTÍN,HUILA,SAN AGUSTIN
41676,SANTA MARÍA,HUILA,SANTA MARIA
41770,SUAZA,HUILA,SUAZA
41791,TARQUI,HUILA,TARQUI
41797,TESALIA,HUILA,TESALIA
41799,TELLO,HUILA,TELLO
41801,TERUEL,HUILA,TERUEL
41807,TIMANÁ,HUILA,TIMANA
41872,VILLAVIEJA,HUILA,VILLAVIEJA
41885,YAGUARÁ,HUILA,YAGUARA
44001,RIOHACHA,LA GUAJIRA,RIOHACHA
44035,ALBANIA,LA GUAJIRA,ALBANIA
44078,BARRANCAS,LA GUAJIRA,BARRANCAS
44090,DIBULLA,LA GUAJIRA,DIBULLA
44098,DISTRACCIÓN,LA GUAJIRA,DISTRACCION
44110,EL MOLINO,LA GUAJIRA,EL MOLINO
44279,FONSECA,LA GUAJIRA,FONSECA
44378,HATONUEVO,LA GUAJIRA,HATONUEVO
44420,LA JAGUA DEL PILAR,LA GUAJIRA,LA JAGUA DEL PILAR
44430,MAICAO,LA GUAJIRA,MAICAO
44560,MANAURE,LA GUAJIRA,MANAURE
44650,SAN JUAN DEL CESAR,LA GUAJIRA,SAN JUAN DEL CESAR
44847,URIBIA,LA GUAJIRA,URIBIA
44855,URUMITA,LA GUAJIRA,URUMITA
44874,VILLANUEVA,LA GUAJIRA,VILLANUEVA
47001,SANTA MARTA,MAGDALENA,SANTA MARTA
47030,ALGARROBO,MAGDALENA,ALGARROBO
47053,ARACATACA,MAGDALENA,ARACATACA
47058,ARIGUANÍ,MAGDALENA,ARIGUANI
47161,CERRO DE SAN ANTONIO,MAGDALENA,CERRO DE SAN ANTONIO
47170,CHIVOLO,MAGDALENA,CHIVOLO
47189,CIÉNAGA,MAGDALENA,CIENAGA
47205,CONCORDIA,MAGDALENA,CONCORDIA
47245,EL BANCO,MAGDALENA,EL BANCO
47258,EL PIÑÓN,MAGDALENA,EL PINON
47268,EL RETÉN,MAGDALENA,EL RETEN
47288,FUNDACIÓN,MAGDALENA,FUNDACION
47318,GUAMAL,MAGDALENA,GUAMAL
47460,NUEVA GRANADA,MAGDALENA,NUEVA GRANADA
47541,PEDRAZA,MAGDALENA,PEDRAZA
47545,PIJIÑO DEL CARMEN,MAGDALENA,PIJINO DEL CARMEN
47551,PIVIJAY,MAGDALENA,PIVIJAY
47555,PLATO,MAGDALENA,PLATO
47570,PUEBLOVIEJO,MAGDALENA,PUEBLOVIEJO
47605,REMOLINO,MAGDALENA,REMOLINO
47660,SABANAS DE SAN ÁNGEL,MAGDALENA,SABANAS DE SAN ANGEL
47675,SALAMINA,MAGDALENA,SALAMINA
47692,SAN SEBASTIÁN DE BUENAVISTA,MAGDALENA,SAN SEBASTIAN DE BUENAVISTA
47703,SAN ZENÓN,MAGDALENA,SAN ZENON
47707,SANTA ANA,MAGDALENA,SANTA ANA
47720,SANTA BÁRBARA DE PINTO,MAGDALENA,SANTA BARBARA DE PINTO
47745,SITIONUEVO,MAGDALENA,SITIONUEVO
47798,TENERIFE,MAGDALENA,TENERIFE
47960,ZAPAYÁN,MAGDALENA,ZAPAYAN
47980,ZONA BANANERA,MAGDALENA,ZONA BANANERA
50001,VILLAVICENCIO,META,VILLAVICENCIO
50006,ACACÍAS,META,ACACIAS
50110,BARRANCA DE UPÍA,META,BARRANCA DE UPIA
50124,CABUYARO,META,CABUYARO
50150,CASTILLA LA NUEVA,META,CASTILLA LA NUEVA
50223,CUBARRAL,META,CUBARRAL
50226,CUMARAL,META,CUMARAL
50245,EL CALVARIO,META,EL CALVARIO
50251,EL CASTILLO,META,EL CASTILLO
50270,EL DORADO,META,EL DORADO
50287,FUENTE DE ORO,META,FUENTE DE ORO
50313,GRANADA,META,GRANADA
50318,GUAMAL,META,GUAMAL
50325,MAPIRIPÁN,META,MAPIRIPAN
50330,MESETAS,META,MESETAS
50350,LA MACARENA,META,LA MACARENA
50370,URIBE,META,URIBE
50400,LEJANÍAS,META,LEJANIAS
50450,PUERTO CONCORDIA,META,PUERTO CONCORDIA
50568,PUERTO GAITÁN,META,PUERTO GAITAN
50573,PUERTO LÓPEZ,META,PUERTO LOPEZ
50577,PUERTO LLERAS,META,PUERTO LLERAS
50590,PUERTO RICO,META,PUERTO RICO
50606,RESTREPO,META,RESTREPO
50680,SAN CARLOS DE GUAROA,META,SAN CARLOS DE GUAROA
50683,SAN JUAN DE ARAMA,META,SAN JUAN DE ARAMA
50686,SAN JUANITO,META,SAN JUANITO
50689,SAN MARTÍN,META,SAN MARTIN
50711,VISTAHERMOSA,META,VISTAHERMOSA
52001,PASTO,NARIÑO,PASTO
52019,ALBÁN,NARIÑO,ALBAN
52022,ALDANA,NARIÑO,ALDANA
52036,ANCUYA,NARIÑO,ANCUYA
52051,ARBOLEDA,NARIÑO,ARBOLEDA
52079,BARBACOAS,NARIÑO,BARBACOAS
52083,BELÉN,NARIÑO,BELEN
52110,BUESACO,NARIÑO,BUESACO
52203,COLÓN,NARIÑO,COLON
52207,CONSACÁ,NARIÑO,CONSACA
52210,CONTADERO,NARIÑO,CONTADERO
52215,CÓRDOBA,NARIÑO,CORDOBA
52224,CUASPUD CARLOSAMA,NARIÑO,CUASPUD CARLOSAMA
52227,CUMBAL,NARIÑO,CUMBAL
52233,CUMBITARA,NARIÑO,CUMBITARA
52240,CHACHAGÜÍ,NARIÑO,CHACHAGUI
52250,EL CHARCO,NARIÑO,EL CHARCO
52254,EL PEÑOL,NARIÑO,EL PENOL
52256,EL ROSARIO,NARIÑO,EL ROSARIO
52258,EL TABLÓN DE GÓMEZ,NARIÑO,EL TABLON DE GOMEZ
52260,EL TAMBO,NARIÑO,EL TAMBO
52287,FUNES,NARIÑO,FUNES
52317,GUACHUCAL,NARIÑO,GUACHUCAL
52320,GUAITARILLA,NARIÑO,GUAITARILLA
52323,GUALMATÁN,NARIÑO,GUALMATAN
52352,ILES,NARIÑO,ILES
52354,IMUÉS,NARIÑO,IMUES
52356,IPIALES,NARIÑO,IPIALES
52378,LA CRUZ,NARIÑO,LA CRUZ
52381,LA FLORIDA,NARIÑO,LA FLORIDA
52385,LA LLANADA,NARIÑO,LA LLANADA
52390,LA TOLA,NARIÑO,LA TOLA
52399,LA UNIÓN,NARIÑO,LA UNION
52405,LEIVA,NARIÑO,LEIVA
52411,LINARES,NARIÑO,LINARES
52418,LOS ANDES,NARIÑO,LOS ANDES
52427,MAGÜÍ,NARIÑO,MAGUI
52435,MALLAMA,NARIÑO,MALLAMA
52473,MOSQUERA,NARIÑO,MOSQUERA
52480,NARIÑO,NARIÑO,NARINO
52490,OLAYA HERRERA,NARIÑO,OLAYA HERRERA
52506,OSPINA,NARIÑO,OSPINA
52520,FRANCISCO PIZARRO,NARIÑO,FRANCISCO PIZARRO
52540,POLICARPA,NARIÑO,POLICARPA
52560,POTOSÍ,NARIÑO,POTOSI
52565,PROVIDENCIA,NARIÑO,PROVIDENCIA
52573,PUERRES,NARIÑO,PUERRES
52585,PUPIALES,NARIÑO,PUPIALES
52612,RICAURTE,NARIÑO,RICAURTE
52621,ROBERTO PAYÁN,NARIÑO,ROBERTO PAYAN
52678,SAMANIEGO,NARIÑO,SAMANIEGO
52683,SANDONÁ,NARIÑO,SANDONA
52685,SAN BERNARDO,NARIÑO,SAN BERNARDO
52687,SAN LORENZO,NARIÑO,SAN LORENZO
52693,SAN PABLO,NARIÑO,SAN PABLO
52694,SAN PEDRO DE CARTAGO,NARIÑO,SAN PEDRO DE CARTAGO
52696,SANTA BÁRBARA,NARIÑO,SANTA BARBARA
52699,SANTACRUZ,NARIÑO,SANTACRUZ
52720,SAPUYES,NARIÑO,SAPUYES
52786,TAMINANGO,NARIÑO,TAMINANGO
52788,TANGUA,NARIÑO,TANGUA
52835,SAN ANDRÉS DE TUMACO,NARIÑO,SAN ANDRES DE TUMACO
52838,TÚQUERRES,NARIÑO,TUQUERRES
52885,YACUANQUER,NARIÑO,YACUANQUER
54001,SAN JOSÉ DE CÚCUTA,NORTE DE SANTANDER,SAN JOSE DE CUCUTA
54003,ÁBREGO,NORTE DE SANTANDER,ABREGO
54051,ARBOLEDAS,NORTE DE SANTANDER,ARBOLEDAS
54099,BOCHALEMA,NORTE DE SANTANDER,BOCHALEMA
54109,BUCARASICA,NORTE DE SANTANDER,BUCARASICA
54125,CÁCOTA,NORTE DE SANTANDER,CACOTA
54128,CÁCHIRA,NORTE DE SANTANDER,CACHIRA
54172,CHINÁCOTA,NORTE DE SANTANDER,CHINACOTA
54174,CHITAGÁ,NORTE DE SANTANDER,CHITAGA
54206,CONVENCIÓN,NORTE DE SANTANDER,CONVENCION
54223,CUCUTILLA,NORTE DE SANTANDER,CUCUTILLA
54239,DURANIA,NORTE DE SANTANDER,DURANIA
54245,EL CARMEN,NORTE DE SANTANDER,EL CARMEN
54250,EL TARRA,NORTE DE SANTANDER,EL TARRA
54261,EL ZULIA,NORTE DE SANTANDER,EL ZULIA
54313,GRAMALOTE,NORTE DE SANTANDER,GRAMALOTE
54344,HACARÍ,NORTE DE SANTANDER,HACARI
54347,HERRÁN,NORTE DE SANTANDER,HERRAN
54377,LABATECA,NORTE DE SANTANDER,LABATECA
54385,LA ESPERANZA,NORTE DE SANTANDER,LA ESPERANZA
54398,LA PLAYA,NORTE DE SANTANDER,LA PLAYA
54405,LOS PATIOS,NORTE DE SANTANDER,LOS PATIOS
54418,LOURDES,NORTE DE SANTANDER,LOURDES
54480,MUTISCUA,NORTE DE SANTANDER,MUTISCUA
54498,OCAÑA,NORTE DE SANTANDER,OCANA
54518,PAMPLONA,NORTE DE SANTANDER,PAMPLONA
54520,PAMPLONITA,NORTE DE SANTANDER,PAMPLONITA
54553,PUERTO SANTANDER,NORTE DE SANTANDER,PUERTO SANTANDER
54599,RAGONVALIA,NORTE DE SANTANDER,RAGONVALIA
54660,SALAZAR,NORTE DE SANTANDER,SALAZAR
54670,SAN CALIXTO,NORTE DE SANTANDER,SAN CALIXTO
54673,SAN CAYETANO,NORTE DE SANTANDER,SAN CAYETANO
54680,SANTIAGO,NORTE DE SANTANDER,SANTIAGO
54720,SARDINATA,NORTE DE SANTANDER,SARDINATA
54743,SILOS,NORTE DE SANTANDER,SILOS
54800,TEORAMA,NORTE DE SANTANDER,TEORAMA
54810,TIBÚ,NORTE DE SANTANDER,TIBU
54820,TOLEDO,NORTE DE SANTANDER,TOLEDO
54871,VILLA CARO,NORTE DE SANTANDER,VILLA CARO
54874,VILLA DEL ROSARIO,NORTE DE SANTANDER,VILLA DEL ROSARIO
63001,ARMENIA,QUINDÍO,ARMENIA
63111,BUENAVISTA,QUINDÍO,BUENAVISTA
63130,CALARCÁ,QUINDÍO,CALARCA
63190,CIRCASIA,QUINDÍO,CIRCASIA
63212,CÓRDOBA,QUINDÍO,CORDOBA
63272,FILANDIA,QUINDÍO,FILANDIA
63302,GÉNOVA,QUINDÍO,GENOVA
63401,LA TEBAIDA,QUINDÍO,LA TEBAIDA
63470,MONTENEGRO,QUINDÍO,MONTENEGRO
63548,PIJAO,QUINDÍO,PIJAO
63594,QUIMBAYA,QUINDÍO,QUIMBAYA
63690,SALENTO,QUINDÍO,SALENTO
66001,PEREIRA,RISARALDA,PEREIRA
66045,APÍA,RISARALDA,APIA
66075,BALBOA,RISARALDA,BALBOA
66088,BELÉN DE UMBRÍA,RISARALDA,BELEN DE UMBRIA
66170,DOSQUEBRADAS,RISARALDA,DOSQUEBRADAS
66318,GUÁTICA,RISARALDA,GUATICA
66383,LA CELIA,RISARALDA,LA CELIA
66400,LA VIRGINIA,RISARALDA,LA VIRGINIA
66440,MARSELLA,RISARALDA,MARSELLA
66456,MISTRATÓ,RISARALDA,MISTRATO
66572,PUEBLO RICO,RISARALDA,PUEBLO RICO
66594,QUINCHÍA,RISARALDA,QUINCHIA
66682,SANTA ROSA DE CABAL,RISARALDA,SANTA ROSA DE CABAL
66687,SANTUARIO,RISARALDA,SANTUARIO
68001,BUCARAMANGA,SANTANDER,BUCARAMANGA
68013,AGUADA,SANTANDER,AGUADA
68020,ALBANIA,SANTANDER,ALBANIA
68051,ARATOCA,SANTANDER,ARATOCA
68077,BARBOSA,SANTANDER,BARBOSA
68079,BARICHARA,SANTANDER,BARICHARA
68081,BARRANCABERMEJA,SANTANDER,BARRANCABERMEJA
68092,BETULIA,SANTANDER,BETULIA
68101,BOLÍVAR,SANTANDER,BOLIVAR
68121,CABRERA,SANTANDER,CABRERA
68132,CALIFORNIA,SANTANDER,CALIFORNIA
68147,CAPITANEJO,SANTANDER,CAPITANEJO
68152,CARCASÍ,SANTANDER,CARCASI
68160,CEPITÁ,SANTANDER,CEPITA
68162,CERRITO,SANTANDER,CERRITO
68167,CHARALÁ,SANTANDER,CHARALA
68169,CHARTA,SANTANDER,CHARTA
68176,CHIMA,SANTANDER,CHIMA
68179,CHIPATÁ,SANTANDER,CHIPATA
68190,CIMITARRA,SANTANDER,CIMITARRA
68207,CONCEPCIÓN,SANTANDER,CONCEPCION
68209,CONFINES,SANTANDER,CONFINES
68211,CONTRATACIÓN,SANTANDER,CONTRATACION
68217,COROMORO,SANTANDER,COROMORO
68229,CURITÍ,SANTANDER,CURITI
68235,EL CARMEN DE CHUCURÍ,SANTANDER,EL CARMEN DE CHUCURI
68245,EL GUACAMAYO,SANTANDER,EL GUACAMAYO
68250,EL PEÑÓN,SANTANDER,EL PENON
68255,EL PLAYÓN,SANTANDER,EL PLAYON
68264,ENCINO,SANTANDER,ENCINO
68266,ENCISO,SANTANDER,ENCISO
68271,FLORIÁN,SANTANDER,FLORIAN
68276,FLORIDABLANCA,SANTANDER,FLORIDABLANCA
68296,GALÁN,SANTANDER,GALAN
68298,GÁMBITA,SANTANDER,GAMBITA
68307,GIRÓN,SANTANDER,GIRON
68318,GUACA,SANTANDER,GUACA
68320,GUADALUPE,SANTANDER,GUADALUPE
68322,GUAPOTÁ,SANTANDER,GUAPOTA
68324,GUAVATÁ,SANTANDER,GUAVATA
68327,GÜEPSA,SANTANDER,GUEPSA
68344,HATO,SANTANDER,HATO
68368,JESÚS MARÍA,SANTANDER,JESUS MARIA
68370,JORDÁN,SANTANDER,JORDAN
68377,LA BELLEZA,SANTANDER,LA BELLEZA
68385,LANDÁZURI,SANTANDER,LANDAZURI
68397,LA PAZ,SANTANDER,LA PAZ
68406,LEBRIJA,SANTANDER,LEBRIJA
68418,LOS SANTOS,SANTANDER,LOS SANTOS
68425,MACARAVITA,SANTANDER,MACARAVITA
68432,MÁLAGA,SANTANDER,MALAGA
68444,MATANZA,SANTANDER,MATANZA
68464,MOGOTES,SANTANDER,MOGOTES
68468,MOLAGAVITA,SANTANDER,MOLAGAVITA
68498,OCAMONTE,SANTANDER,OCAMONTE
68500,OIBA,SANTANDER,OIBA
68502,ONZAGA,SANTANDER,ONZAGA
68522,PALMAR,SANTANDER,PALMAR
68524,PALMAS DEL SOCORRO,SANTANDER,PALMAS DEL SOCORRO
68533,PÁRAMO,SANTANDER,PARAMO
68547,PIEDECUESTA,SANTANDER,PIEDECUESTA
68549,PINCHOTE,SANTANDER,PINCHOTE
68572,PUENTE NACIONAL,SANTANDER,PUENTE NACIONAL
68573,PUERTO PARRA,SANTANDER,PUERTO PARRA
68575,PUERTO WILCHES,SANTANDER,PUERTO WILCHES
68615,RIONEGRO,SANTANDER,RIONEGRO
68655,SABANA DE TORRES,SANTANDER,SABANA DE TORRES
68669,SAN ANDRÉS,SANTANDER,SAN ANDRES
68673,SAN BENITO,SANTANDER,SAN BENITO
68679,SAN GIL,SANTANDER,SAN GIL
68682,SAN JOAQUÍN,SANTANDER,SAN JOAQUIN
68684,SAN JOSÉ DE MIRANDA,SANTANDER,SAN JOSE DE MIRANDA
68686,SAN MIGUEL,SANTANDER,SAN MIGUEL
68689,SAN VICENTE DE CHUCURÍ,SANTANDER,SAN VICENTE DE CHUCURI
68705,SANTA BÁRBARA,SANTANDER,SANTA BARBARA
68720,SANTA HELENA DEL OPÓN,SANTANDER,SANTA HELENA DEL OPON
68745,SIMACOTA,SANTANDER,SIMACOTA
68755,SOCORRO,SANTANDER,SOCORRO
68770,SUAITA,SANTANDER,SUAITA
68773,SUCRE,SANTANDER,SUCRE
68780,SURATÁ,SANTANDER,SURATA
68820,TONA,SANTANDER,TONA
68855,VALLE DE SAN JOSÉ,SANTANDER,VALLE DE SAN JOSE
68861,VÉLEZ,SANTANDER,VELEZ
68867,VETAS,SANTANDER,VETAS
68872,VILLANUEVA,SANTANDER,VILLANUEVA
68895,ZAPATOCA,SANTANDER,ZAPATOCA
70001,SINCELEJO,SUCRE,SINCELEJO
70110,BUENAVISTA,SUCRE,BUENAVISTA
70124,CAIMITO,SUCRE,CAIMITO
70204,COLOSÓ,SUCRE,COLOSO
70215,COROZAL,SUCRE,COROZAL
70221,COVEÑAS,SUCRE,COVENAS
70230,CHALÁN,SUCRE,CHALAN
70233,EL ROBLE,SUCRE,EL ROBLE
70235,GALERAS,SUCRE,GALERAS
70265,GUARANDA,SUCRE,GUARANDA
70400,LA UNIÓN,SUCRE,LA UNION
70418,LOS PALMITOS,SUCRE,LOS PALMITOS
70429,MAJAGUAL,SUCRE,MAJAGUAL
70473,MORROA,SUCRE,MORROA
70508,OVEJAS,SUCRE,OVEJAS
70523,PALMITO,SUCRE,PALMITO
70670,SAMPUÉS,SUCRE,SAMPUES
70678,SAN BENITO ABAD,SUCRE,SAN BENITO ABAD
70702,SAN JUAN DE BETULIA,SUCRE,SAN JUAN DE BETULIA
70708,SAN MARCOS,SUCRE,SAN MARCOS
70713,SAN ONOFRE,SUCRE,SAN ONOFRE
70717,SAN PEDRO,SUCRE,SAN PEDRO
70742,SAN LUIS DE SINCÉ,SUCRE,SAN LUIS DE SINCE
70771,SUCRE,SUCRE,SUCRE
70820,SANTIAGO DE TOLÚ,SUCRE,SANTIAGO DE TOLU
70823,SAN JOSÉ DE TOLUVIEJO,SUCRE,SAN JOSE DE TOLUVIEJO
73001,IBAGUÉ,TOLIMA,IBAGUE
73024,ALPUJARRA,TOLIMA,ALPUJARRA
73026,ALVARADO,TOLIMA,ALVARADO
73030,AMBALEMA,TOLIMA,AMBALEMA
73043,ANZOÁTEGUI,TOLIMA,ANZOATEGUI
73055,ARMERO,TOLIMA,ARMERO
73067,ATACO,TOLIMA,ATACO
73124,CAJAMARCA,TOLIMA,CAJAMARCA
73148,CARMEN DE APICALÁ,TOLIMA,CARMEN DE APICALA
73152,CASABIANCA,TOLIMA,CASABIANCA
73168,CHAPARRAL,TOLIMA,CHAPARRAL
73200,COELLO,TOLIMA,COELLO
73217,COYAIMA,TOLIMA,COYAIMA
73226,CUNDAY,TOLIMA,CUNDAY
73236,DOLORES,TOLIMA,DOLORES
73268,ESPINAL,TOLIMA,ESPINAL
73270,FALAN,TOLIMA,FALAN
73275,FLANDES,TOLIMA,FLANDES
73283,FRESNO,TOLIMA,FRESNO
73319,GUAMO,TOLIMA,GUAMO
73347,HERVEO,TOLIMA,HERVEO
73349,HONDA,TOLIMA,HONDA
73352,ICONONZO,TOLIMA,ICONONZO
73408,LÉRIDA,TOLIMA,LERIDA
73411,LÍBANO,TOLIMA,LIBANO
73443,SAN SEBASTIÁN DE MARIQUITA,TOLIMA,SAN SEBASTIAN DE MARIQUITA
73449,MELGAR,TOLIMA,MELGAR
73461,MURILLO,TOLIMA,MURILLO
73483,NATAGAIMA,TOLIMA,NATAGAIMA
73504,ORTEGA,TOLIMA,ORTEGA
73520,PALOCABILDO,TOLIMA,PALOCABILDO
73547,PIEDRAS,TOLIMA,PIEDRAS
73555,PLANADAS,TOLIMA,PLANADAS
73563,PRADO,TOLIMA,PRADO
73585,PURIFICACIÓN,TOLIMA,PURIFICACION
73616,RIOBLANCO,TOLIMA,RIOBLANCO
73622,RONCESVALLES,TOLIMA,RONCESVALLES
73624,ROVIRA,TOLIMA,ROVIRA
73671,SALDAÑA,TOLIMA,SALDANA
73675,SAN ANTONIO,TOLIMA,SAN ANTONIO
73678,SAN LUIS,TOLIMA,SAN LUIS
73686,SANTA ISABEL,TOLIMA,SANTA ISABEL
73770,SUÁREZ,TOLIMA,SUAREZ
73854,VALLE DE SAN JUAN,TOLIMA,VALLE DE SAN JUAN
73861,VENADILLO,TOLIMA,VENADILLO
73870,VILLAHERMOSA,TOLIMA,VILLAHERMOSA
73873,VILLARRICA,TOLIMA,VILLARRICA
76001,SANTIAGO DE CALI,VALLE DEL CAUCA,SANTIAGO DE CALI
76020,ALCALÁ,VALLE DEL CAUCA,ALCALA
76036,ANDALUCÍA,VALLE DEL CAUCA,ANDALUCIA
76041,ANSERMANUEVO,VALLE DEL CAUCA,ANSERMANUEVO
76054,ARGELIA,VALLE DEL CAUCA,ARGELIA
76100,BOLÍVAR,VALLE DEL CAUCA,BOLIVAR
76109,BUENAVENTURA,VALLE DEL CAUCA,BUENAVENTURA
76111,GUADALAJARA DE BUGA,VALLE DEL CAUCA,GUADALAJARA DE BUGA
76113,BUGALAGRANDE,VALLE DEL CAUCA,BUGALAGRANDE
76122,CAICEDONIA,VALLE DEL CAUCA,CAICEDONIA
76126,CALIMA,VALLE DEL CAUCA,CALIMA
76130,CANDELARIA,VALLE DEL CAUCA,CANDELARIA
76147,CARTAGO,VALLE DEL CAUCA,CARTAGO
76233,DAGUA,VALLE DEL CAUCA,DAGUA
76243,EL ÁGUILA,VALLE DEL CAUCA,EL AGUILA
76246,EL CAIRO,VALLE DEL CAUCA,EL CAIRO
76248,EL CERRITO,VALLE DEL CAUCA,EL CERRITO
76250,EL DOVIO,VALLE DEL CAUCA,EL DOVIO
76275,FLORIDA,VALLE DEL CAUCA,FLORIDA
76306,GINEBRA,VALLE DEL CAUCA,GINEBRA
76318,GUACARÍ,VALLE DEL CAUCA,GUACARI
76364,JAMUNDÍ,VALLE DEL CAUCA,JAMUNDI
76377,LA CUMBRE,VALLE DEL CAUCA,LA CUMBRE
76400,LA UNIÓN,VALLE DEL CAUCA,LA UNION
76403,LA VICTORIA,VALLE DEL CAUCA,LA VICTORIA
76497,OBANDO,VALLE DEL CAUCA,OBANDO
76520,PALMIRA,VALLE DEL CAUCA,PALMIRA
76563,PRADERA,VALLE DEL CAUCA,PRADERA
76606,RESTREPO,VALLE DEL CAUCA,RESTREPO
76616,RIOFRÍO,VALLE DEL CAUCA,RIOFRIO
76622,ROLDANILLO,VALLE DEL CAUCA,ROLDANILLO
76670,SAN PEDRO,VALLE DEL CAUCA,SAN PEDRO
76736,SEVILLA,VALLE DEL CAUCA,SEVILLA
76823,TORO,VALLE DEL CAUCA,TORO
76828,TRUJILLO,VALLE DEL CAUCA,TRUJILLO
76834,TULUÁ,VALLE DEL CAUCA,TULUA
76845,ULLOA,VALLE DEL CAUCA,ULLOA
76863,VERSALLES,VALLE DEL CAUCA,VERSALLES
76869,VIJES,VALLE DEL CAUCA,VIJES
76890,YOTOCO,VALLE DEL CAUCA,YOTOCO
76892,YUMBO,VALLE DEL CAUCA,YUMBO
76895,ZARZAL,VALLE DEL CAUCA,ZARZAL
81001,ARAUCA,ARAUCA,ARAUCA
81065,ARAUQUITA,ARAUCA,ARAUQUITA
81220,CRAVO NORTE,ARAUCA,CRAVO NORTE
81300,FORTUL,ARAUCA,FORTUL
81591,PUERTO RONDÓN,ARAUCA,PUERTO RONDON
81736,SARAVENA,ARAUCA,SARAVENA
81794,TAME,ARAUCA,TAME
85001,YOPAL,CASANARE,YOPAL
85010,AGUAZUL,CASANARE,AGUAZUL
85015,CHÁMEZA,CASANARE,CHAMEZA
85125,HATO COROZAL,CASANARE,HATO COROZAL
85136,LA SALINA,CASANARE,LA SALINA
85139,MANÍ,CASANARE,MANI
85162,MONTERREY,CASANARE,MONTERREY
85225,NUNCHÍA,CASANARE,NUNCHIA
85230,OROCUÉ,CASANARE,OROCUE
85250,PAZ DE ARIPORO,CASANARE,PAZ DE ARIPORO
85263,PORE,CASANARE,PORE
85279,RECETOR,CASANARE,RECETOR
85300,SABANALARGA,CASANARE,SABANALARGA
85315,SÁCAMA,CASANARE,SACAMA
85325,SAN LUIS DE PALENQUE,CASANARE,SAN LUIS DE PALENQUE
85400,TÁMARA,CASANARE,TAMARA
85410,TAURAMENA,CASANARE,TAURAMENA
85430,TRINIDAD,CASANARE,TRINIDAD
85440,VILLANUEVA,CASANARE,VILLANUEVA
86001,MOCOA,PUTUMAYO,MOCOA
86219,COLÓN,PUTUMAYO,COLON
86320,ORITO,PUTUMAYO,ORITO
86568,PUERTO ASÍS,PUTUMAYO,PUERTO ASIS
86569,PUERTO CAICEDO,PUTUMAYO,PUERTO CAICEDO
86571,PUERTO GUZMÁN,PUTUMAYO,PUERTO GUZMAN
86573,PUERTO LEGUÍZAMO,PUTUMAYO,PUERTO LEGUIZAMO
86749,SIBUNDOY,PUTUMAYO,SIBUNDOY
86755,SAN FRANCISCO,PUTUMAYO,SAN FRANCISCO
86757,SAN MIGUEL,PUTUMAYO,SAN MIGUEL
86760,SANTIAGO,PUTUMAYO,SANTIAGO
86865,VALLE DEL GUAMUEZ,PUTUMAYO,VALLE DEL GUAMUEZ
86885,VILLAGARZÓN,PUTUMAYO,VILLAGARZON
88001,SAN ANDRÉS,"ARCHIPIÉLAGO DE SAN ANDRÉS, PROVIDENCIA Y SANTA CATALINA",SAN ANDRES
88564,PROVIDENCIA,"ARCHIPIÉLAGO DE SAN ANDRÉS, PROVIDENCIA Y SANTA CATALINA",PROVIDENCIA
91001,LETICIA,AMAZONAS,LETICIA
91540,PUERTO NARIÑO,AMAZONAS,PUERTO NARINO
94001,INÍRIDA,GUAINÍA,INIRIDA
94343,BARRANCOMINAS,GUAINÍA,BARRANCOMINAS
95001,SAN JOSÉ DEL GUAVIARE,GUAVIARE,SAN JOSE DEL GUAVIARE
95015,CALAMAR,GUAVIARE,CALAMAR
95025,EL RETORNO,GUAVIARE,EL RETORNO
95200,MIRAFLORES,GUAVIARE,MIRAFLORES
97001,MITÚ,VAUPÉS,MITU
97161,CARURÚ,VAUPÉS,CARURU
97666,TARAIRA,VAUPÉS,TARAIRA
99001,PUERTO CARREÑO,VICHADA,PUERTO CARRENO
99524,LA PRIMAVERA,VICHADA,LA PRIMAVERA
99624,SANTA ROSALÍA,VICHADA,SANTA ROSALIA
99773,CUMARIBO,VICHADA,CUMARIBO
